x,y,u,v
0,0,0,0
0,0.025,0.13125,0
0,0.05,0.225,0
0,0.075,0.28125,0
0,0.1,0.3,0
0,0.125,0.28125,0
0,0.15,0.225,0
0,0.175,0.13125,0
0,0.2,0,0
0,0.225,0,0
0,0.25,0,0
0,0.275,0,0
0,0.3,0,0
0,0.325,0,0
0,0.35,0,0
0,0.375,0,0
0,0.4,0,0
0,0.425,0,0
0,0.45,0,0
0,0.475,0,0
0,0.5,0,0
0,0.525,0,0
0,0.55,0,0
0,0.575,0,0
0,0.6,0,0
0,0.625,0,0
0,0.65,0,0
0,0.675,0,0
0,0.7,0,0
0,0.725,0,0
0,0.75,0,0
0,0.775,0,0
0,0.8,0,0
0,0.825,0,0
0,0.85,0,0
0,0.875,0,0
0,0.9,0,0
0,0.925,0,0
0,0.95,0,0
0,0.975,0,0
0,1,0,0
0.025,0,0,0
0.025,0.025,0.129472217063996,0.00219632571626773
0.025,0.05,0.222024978978935,0.00780560744323219
0.025,0.075,0.278201845443884,0.0136930998518098
0.025,0.1,0.2970403992023,0.0192388329576949
0.025,0.125,0.276316184472376,0.0278146247384918
0.025,0.15,0.220337302446604,0.029779140916308
0.025,0.175,0.129197296870743,0.0363947260905692
0.025,0.2,0.0345056687333853,0.0260970226013137
0.025,0.225,0.00326620591602817,-0.00853866119173054
0.025,0.25,-0.000789646845898581,-0.0187499962136288
0.025,0.275,-0.00112404230338008,-0.0145278574368218
0.025,0.3,-0.000243189917135591,-0.014444808475363
0.025,0.325,-0.000330930511550418,-0.0136020062511301
0.025,0.35,-0.000565734983248301,-0.0127558425252956
0.025,0.375,-0.000560100930416767,-0.0118894508486794
0.025,0.4,-0.000464575176387448,-0.0111006637104042
0.025,0.425,-0.000398323217520724,-0.0102906163820341
0.025,0.45,-0.000350995854455432,-0.00962693428529057
0.025,0.475,-0.000317051752823162,-0.00901342253776856
0.025,0.5,-0.000293810899453547,-0.00845565196134314
0.025,0.525,-0.000273753495657284,-0.00792716933890019
0.025,0.55,-0.000260818491758118,-0.00742976833564394
0.025,0.575,-0.000252083295545965,-0.00694589574866686
0.025,0.6,-0.000249081657894388,-0.00647215244966477
0.025,0.625,-0.000248623292930268,-0.0059992849946812
0.025,0.65,-0.000251537413814811,-0.00552262281765038
0.025,0.675,-0.000255831497354612,-0.00503807568684123
0.025,0.7,-0.000261102816497813,-0.0045433676440848
0.025,0.725,-0.00026643746908649,-0.00403785459172827
0.025,0.75,-0.000269922948424053,-0.00352375490071996
0.025,0.775,-0.000271812929011928,-0.0030031552531556
0.025,0.8,-0.000268333420740384,-0.0024855099089498
0.025,0.825,-0.000260658373898061,-0.00197513043875942
0.025,0.85,-0.000243726846700206,-0.00149067485432735
0.025,0.875,-0.000220511554565707,-0.00103824411186071
0.025,0.9,-0.000184532445935164,-0.000651375124042082
0.025,0.925,-0.000139367903272097,-0.000331230583471625
0.025,0.95,-8.22833156578888E-05,-0.000115010412154495
0.025,0.975,-1.36753918452454E-05,-1.36753918469958E-05
0.025,1,0,0
0.05,0,0,0
0.05,0.025,0.123025849776504,0.00404373212762372
0.05,0.05,0.213497591916135,0.0135948576211641
0.05,0.075,0.269095979884245,0.025249252812072
0.05,0.1,0.288167914119312,0.0360928990574095
0.05,0.125,0.270489338833845,0.047114227438694
0.05,0.15,0.216423412159451,0.0515119958581097
0.05,0.175,0.14266393072659,0.0486159054918359
0.05,0.2,0.0672836557167518,0.0333513186745211
0.05,0.225,0.0195555658437022,0.00413404464211923
0.05,0.25,0.00492263709981484,-0.0119955616179868
0.05,0.275,0.00112113858597378,-0.0144307437759744
0.05,0.3,-3.84288521473197E-05,-0.0176445649012704
0.05,0.325,-0.000673464486557891,-0.0194042913052757
0.05,0.35,-0.00122239705814172,-0.0193662307551923
0.05,0.375,-0.00134523280887544,-0.0186667560256554
0.05,0.4,-0.00129682713320927,-0.017885628464137
0.05,0.425,-0.00118498939104627,-0.0170374106850916
0.05,0.45,-0.00110965659640119,-0.0161953323915886
0.05,0.475,-0.00103110948895925,-0.0153787017718343
0.05,0.5,-0.000980970070317488,-0.0145630888777649
0.05,0.525,-0.000933709777180131,-0.0137683530520075
0.05,0.55,-0.000908766620175253,-0.0129802528389275
0.05,0.575,-0.000891415701493489,-0.012200747406077
0.05,0.6,-0.000891104207380917,-0.0114130669889462
0.05,0.625,-0.000897270481737013,-0.0106173569120564
0.05,0.65,-0.000913415909018426,-0.00980249701352779
0.05,0.675,-0.000932934863490519,-0.00896839424977828
0.05,0.7,-0.000954988266525787,-0.00811089117104041
0.05,0.725,-0.000975359239040026,-0.00723218126565962
0.05,0.75,-0.000989660528308855,-0.00633588739584377
0.05,0.775,-0.000994848035395775,-0.00542924377668108
0.05,0.8,-0.000983966503194033,-0.00452442775235229
0.05,0.825,-0.000953721724630658,-0.0036366504723594
0.05,0.85,-0.000896485648421418,-0.00278630094860318
0.05,0.875,-0.000807562435322314,-0.00200057787082002
0.05,0.9,-0.000682706267807496,-0.0013068385035208
0.05,0.925,-0.000514433890569392,-0.000741601973506635
0.05,0.95,-0.000319024529046484,-0.000318018310578668
0.05,0.975,-0.000114955677349889,-8.19361359532146E-05
0.05,1,0,0
0.075,0,0,0
0.075,0.025,0.114632435850793,0.00547926117530844
0.075,0.05,0.201078695753807,0.0176108208829796
0.075,0.075,0.255150243168464,0.0330387757865449
0.075,0.1,0.275553229969162,0.0461784270492517
0.075,0.125,0.259648101426033,0.0598622885910434
0.075,0.15,0.214268418563701,0.0641052092543736
0.075,0.175,0.150474012625997,0.0582840937368596
0.075,0.2,0.0871106565826185,0.0442537212194801
0.075,0.225,0.042875577063806,0.01887315686066
0.075,0.25,0.020552357840137,0.000913574449053054
0.075,0.275,0.00890323940171028,-0.00772496022101986
0.075,0.3,0.00284233624663122,-0.0142646712650862
0.075,0.325,1.17205029676963E-05,-0.0186613033108161
0.075,0.35,-0.00124728224385989,-0.0204829057552973
0.075,0.375,-0.0017692160203898,-0.0207841062461904
0.075,0.4,-0.00188738774841043,-0.0208294548630997
0.075,0.425,-0.00192776268210988,-0.0204305333493073
0.075,0.45,-0.00190990746771537,-0.0198832085361683
0.075,0.475,-0.00186695353950843,-0.0191747442550301
0.075,0.5,-0.0018174668995276,-0.0184145134098997
0.075,0.525,-0.00178266144632085,-0.0175787432836736
0.075,0.55,-0.00176293910744697,-0.0167199032439614
0.075,0.575,-0.00176296697914589,-0.0158147265188534
0.075,0.6,-0.00177950776068392,-0.0148810197347485
0.075,0.625,-0.00181158202291675,-0.0139045215435501
0.075,0.65,-0.00185430730582372,-0.0128929670962306
0.075,0.675,-0.00190454103458139,-0.0118385807705203
0.075,0.7,-0.00195541667553211,-0.0107476464877387
0.075,0.725,-0.0020018718721308,-0.00961975823880392
0.075,0.75,-0.00203490390940317,-0.00846525339105662
0.075,0.775,-0.00204758393386612,-0.00729211020987029
0.075,0.8,-0.00202881327310645,-0.00611873524186787
0.075,0.825,-0.00196982880139722,-0.00496251280623299
0.075,0.85,-0.00185859412240352,-0.00385225117662978
0.075,0.875,-0.00168546744390669,-0.00281571139249435
0.075,0.9,-0.00144179240531004,-0.00189075468831658
0.075,0.925,-0.00112099559976517,-0.0011135203706179
0.075,0.95,-0.000740651272278115,-0.000509079602866341
0.075,0.975,-0.000329176660783225,-0.000137898870380095
0.075,1,0,0
0.1,0,0,0
0.1,0.025,0.104491758959904,0.00585265267102125
0.1,0.05,0.185763000461025,0.0196064625522517
0.1,0.075,0.239263536321443,0.0369913716749378
0.1,0.1,0.260779818050876,0.052901318862663
0.1,0.125,0.25130238807363,0.0659696173103863
0.1,0.15,0.213503446533488,0.0708697643755985
0.1,0.175,0.16025964442174,0.0658592172241237
0.1,0.2,0.106593369684897,0.0526705174846262
0.1,0.225,0.0623758834589679,0.0335343804369287
0.1,0.25,0.0354407896332764,0.0157075020488708
0.1,0.275,0.0189870652093729,0.00241759244097112
0.1,0.3,0.00894818789974308,-0.00708148809837209
0.1,0.325,0.00353504559497703,-0.0135525026804805
0.1,0.35,0.00067716259288581,-0.017314220018383
0.1,0.375,-0.000849449594221993,-0.0191527315672056
0.1,0.4,-0.00163476124582215,-0.0203480364205784
0.1,0.425,-0.00206810007003945,-0.0208642216447646
0.1,0.45,-0.00231433244836614,-0.0209123150725737
0.1,0.475,-0.00244178093655823,-0.020618589954657
0.1,0.5,-0.00251432420009164,-0.0201362290166455
0.1,0.525,-0.00256532265048797,-0.0194902320621421
0.1,0.55,-0.00261825859171237,-0.0187358982169189
0.1,0.575,-0.00267894184049634,-0.0178806103206675
0.1,0.6,-0.00275366938947118,-0.0169455522903746
0.1,0.625,-0.00284042540290511,-0.0159322214453815
0.1,0.65,-0.00293711687733959,-0.0148514419805407
0.1,0.675,-0.00303838197645872,-0.0137034779212151
0.1,0.7,-0.00313631874260482,-0.0124972801271916
0.1,0.725,-0.00322277058252357,-0.0112371206759248
0.1,0.75,-0.00328525541962087,-0.00993576566295268
0.1,0.775,-0.00331267470451075,-0.00860522577253959
0.1,0.8,-0.00328912160043443,-0.0072652362267558
0.1,0.825,-0.00320051043583779,-0.0059387584122819
0.1,0.85,-0.00302991996416747,-0.00465373985743401
0.1,0.875,-0.00276214432909229,-0.00344627661888995
0.1,0.9,-0.00238529931739026,-0.00235085732531091
0.1,0.925,-0.0018938991112875,-0.00141394813651129
0.1,0.95,-0.00129829600705022,-0.000667454267454789
0.1,0.975,-0.000644609589832488,-0.000180099560624852
0.1,1,0,0
0.125,0,0,0
0.125,0.025,0.0933352305325556,0.005878905782867
0.125,0.05,0.169099819795365,0.0197779572954757
0.125,0.075,0.22080107826602,0.0382413287073016
0.125,0.1,0.245216031156867,0.0548862314989927
0.125,0.125,0.241189473050039,0.0689225369887777
0.125,0.15,0.213219155182071,0.0750698093834435
0.125,0.175,0.169743857874778,0.0716842975443104
0.125,0.2,0.123076336131221,0.0613253932838117
0.125,0.225,0.0817772236272727,0.0451927525572358
0.125,0.25,0.0512101555195718,0.0286097605900561
0.125,0.275,0.030677122188793,0.0138169495522898
0.125,0.3,0.0173992637094597,0.00266981200115695
0.125,0.325,0.00933840262292385,-0.00558662444480629
0.125,0.35,0.00459585763939052,-0.0112657040593924
0.125,0.375,0.00158510984734602,-0.0147898723761637
0.125,0.4,-0.000273577996870591,-0.017269968782767
0.125,0.425,-0.00142252615957239,-0.0188182491681437
0.125,0.45,-0.00213258664684262,-0.019670514955238
0.125,0.475,-0.00259208927180084,-0.0199773950263123
0.125,0.5,-0.0028984760886402,-0.0199718648058107
0.125,0.525,-0.00313485744043392,-0.0196731127878578
0.125,0.55,-0.0033295314729208,-0.0191853572613269
0.125,0.575,-0.00351112188972563,-0.0185153540225717
0.125,0.6,-0.00368671845755751,-0.0177164041664637
0.125,0.625,-0.00386639230458577,-0.0167874628036423
0.125,0.65,-0.00404563866716265,-0.0157585303926907
0.125,0.675,-0.00422341254381587,-0.014628738907116
0.125,0.7,-0.00438856139239064,-0.0134179042522763
0.125,0.725,-0.00453240907140936,-0.0121303577683187
0.125,0.75,-0.00463881436937793,-0.0107848342115459
0.125,0.775,-0.0046928165877882,-0.00939390137130055
0.125,0.8,-0.00467439715265805,-0.00798080093977924
0.125,0.825,-0.00456363554764499,-0.00656885875987239
0.125,0.85,-0.00433917949588452,-0.00518886165238024
0.125,0.875,-0.00397970117141205,-0.00387723485403718
0.125,0.9,-0.00346973474284438,-0.00267202849721299
0.125,0.925,-0.00279730231556865,-0.00162485002917803
0.125,0.95,-0.00197175691422382,-0.000777162919278413
0.125,0.975,-0.00101910779138634,-0.00021240744859025
0.125,1,0,0
0.15,0,0,0
0.15,0.025,0.0829475346824474,0.00546849102767232
0.15,0.05,0.152301827822753,0.0191574829868104
0.15,0.075,0.202483278645606,0.0371951165199766
0.15,0.1,0.228548564360066,0.0547176377970563
0.15,0.125,0.230404626131865,0.0691293231147718
0.15,0.15,0.210360466667488,0.0764944079767271
0.15,0.175,0.175588773438116,0.0758728975580629
0.15,0.2,0.135941754275908,0.0679160537428699
0.15,0.225,0.0977965950206788,0.0546471740294325
0.15,0.25,0.0667481778284272,0.0398177393133186
0.15,0.275,0.0436632143225563,0.025270600740902
0.15,0.3,0.0275970648708341,0.0133100620374931
0.15,0.325,0.0168485682433657,0.00395482688518628
0.15,0.35,0.00991970487473042,-0.00324898075476585
0.15,0.375,0.00532376042381787,-0.00841656442068005
0.15,0.4,0.00223707030038827,-0.0121769068293132
0.15,0.425,0.000193814152442341,-0.0147876559592291
0.15,0.45,-0.00117876906191634,-0.0165187616636131
0.15,0.475,-0.00212621578223789,-0.0175548399157641
0.15,0.5,-0.00280673478935735,-0.0181347505630345
0.15,0.525,-0.00332750276385202,-0.0183196711093638
0.15,0.55,-0.00375107697512175,-0.0182115988034176
0.15,0.575,-0.00411837560540568,-0.0178496821756341
0.15,0.6,-0.0044518614964871,-0.017293987998144
0.15,0.625,-0.00476714390569692,-0.0165614624201803
0.15,0.65,-0.0050662068402332,-0.0156861542244904
0.15,0.675,-0.00534971303853043,-0.0146776326245989
0.15,0.7,-0.00560733703287354,-0.013559137007787
0.15,0.725,-0.00582993413764195,-0.0123402350122356
0.15,0.75,-0.00599848835645912,-0.0110421444990446
0.15,0.775,-0.00609599318904803,-0.00967963909423183
0.15,0.8,-0.00609698117225622,-0.0082773134720656
0.15,0.825,-0.00597850877961773,-0.00685936059907999
0.15,0.85,-0.00571176739662114,-0.00545731865084904
0.15,0.875,-0.00527285052393315,-0.00410839730208039
0.15,0.9,-0.00463576830642969,-0.00285371123158322
0.15,0.925,-0.00378848697688059,-0.00174697880284758
0.15,0.95,-0.00271979161944648,-0.000842834031775624
0.15,0.975,-0.00145129447614352,-0.000229345785276425
0.15,1,0,0
0.175,0,0,0
0.175,0.025,0.0728474188800558,0.0049677056118062
0.175,0.05,0.136240106060157,0.0176493729455623
0.175,0.075,0.184069670164981,0.0351307645376998
0.175,0.1,0.212212856243809,0.0524179358066058
0.175,0.125,0.218830937751672,0.0675813847903317
0.175,0.15,0.206283040880284,0.0764474706168831
0.175,0.175,0.179072848047726,0.0781419609900353
0.175,0.2,0.145281448507938,0.0731999228373563
0.175,0.225,0.110882082700975,0.0624558491173684
0.175,0.25,0.0806509906735185,0.049629310912254
0.175,0.275,0.0567021364075426,0.0360677619214241
0.175,0.3,0.0387781440962033,0.023992120759807
0.175,0.325,0.0258197361614602,0.013932038279488
0.175,0.35,0.0167093633438708,0.00571669216507459
0.175,0.375,0.0103256497023406,-0.000699956633905416
0.175,0.4,0.00587789961847896,-0.00557339938699551
0.175,0.425,0.00278021085898262,-0.00919485350551755
0.175,0.45,0.000610599738967972,-0.0118322802670658
0.175,0.475,-0.000971345638751886,-0.013646573211264
0.175,0.5,-0.00214428118217669,-0.0148859316974198
0.175,0.525,-0.00305542223644117,-0.0156256696891179
0.175,0.55,-0.00378739221437492,-0.0159879890697615
0.175,0.575,-0.00440932351538736,-0.0160193619008298
0.175,0.6,-0.00495371794114457,-0.0158002821227201
0.175,0.625,-0.00545056401892203,-0.0153513014753878
0.175,0.65,-0.005905785207074,-0.0147202715994338
0.175,0.675,-0.00632625605706434,-0.013919514913812
0.175,0.7,-0.00670265237895232,-0.0129806033862543
0.175,0.725,-0.00702690455272336,-0.011914734223573
0.175,0.75,-0.00727894047668484,-0.0107470683665961
0.175,0.775,-0.00743903025955649,-0.00949318605835248
0.175,0.8,-0.00747914714863917,-0.00817861256282633
0.175,0.825,-0.00737066331580411,-0.00682792311697363
0.175,0.85,-0.00708108468123972,-0.00547215438054203
0.175,0.875,-0.00657777577202923,-0.00414986653395523
0.175,0.9,-0.00583027979107217,-0.00290259335998661
0.175,0.925,-0.00481171027746603,-0.00178916465803275
0.175,0.95,-0.00350407291750538,-0.00086942778644559
0.175,0.975,-0.00189979852575916,-0.000239113682262237
0.175,1,0,0
0.2,0,0,0
0.2,0.025,0.0640023799393673,0.0044391787952055
0.2,0.05,0.121149458040172,0.0161498549637152
0.2,0.075,0.166440897155563,0.0323415378293593
0.2,0.1,0.195242283850672,0.0493495643705127
0.2,0.125,0.20614312629573,0.0645561675679763
0.2,0.15,0.199663017350027,0.0746416510563983
0.2,0.175,0.17964279336213,0.0785773996310405
0.2,0.2,0.151969546900105,0.0762062411455452
0.2,0.225,0.121567523945956,0.0685017641296439
0.2,0.25,0.0933260794241533,0.0578808955015237
0.2,0.275,0.0691008187846536,0.0459163859569472
0.2,0.3,0.0499759124334325,0.0343414266381114
0.2,0.325,0.0352945331335044,0.0239746826312149
0.2,0.35,0.0243624423409023,0.0151258361481458
0.2,0.375,0.0163649860420407,0.00783719875101385
0.2,0.4,0.0105365666198237,0.00204830659203021
0.2,0.425,0.00630297437428877,-0.0024520265744924
0.2,0.45,0.00321167152964933,-0.00593205196090829
0.2,0.475,0.000901447651865287,-0.0085284345462957
0.2,0.5,-0.000860915558206058,-0.0104456338733431
0.2,0.525,-0.00224375271862778,-0.0117844213414137
0.2,0.55,-0.00336142964719621,-0.0126669760452368
0.2,0.575,-0.00429996650002319,-0.0131579153186045
0.2,0.6,-0.00511053247655167,-0.0133401622439808
0.2,0.625,-0.00583269260704416,-0.0132485274700359
0.2,0.65,-0.00648232578436072,-0.0129331704672573
0.2,0.675,-0.00707139826454862,-0.0124157189312161
0.2,0.7,-0.00759438545627892,-0.01173027815729
0.2,0.725,-0.00804520032172018,-0.010892530421123
0.2,0.75,-0.00840329478874663,-0.00992915660709542
0.2,0.775,-0.00864859050897876,-0.00885663939028143
0.2,0.8,-0.008749033659263,-0.00770119174223051
0.2,0.825,-0.00867380286035049,-0.0064858869439279
0.2,0.85,-0.00838261572039444,-0.00524250736505945
0.2,0.875,-0.00783904683147376,-0.00400722088316617
0.2,0.9,-0.00699933012830516,-0.0028244470615774
0.2,0.925,-0.00583013055102514,-0.00175186446038537
0.2,0.95,-0.00429088139217249,-0.00085648729504752
0.2,0.975,-0.00235902886359783,-0.000235579868946402
0.2,1,0,0
0.225,0,0,0
0.225,0.025,0.055881856456716,0.00388848033155984
0.225,0.05,0.107376590957425,0.0143468057605102
0.225,0.075,0.149691108442395,0.0293581115383621
0.225,0.1,0.179015762081725,0.0455283575559806
0.225,0.125,0.192965868970766,0.0608392757527912
0.225,0.15,0.191915283078892,0.07193330190475
0.225,0.175,0.178007887150528,0.0777694663435283
0.225,0.2,0.15596084141166,0.0779758503704981
0.225,0.225,0.129908575351522,0.0729028170272353
0.225,0.25,0.103959902731253,0.0646253217825852
0.225,0.275,0.0805407142658184,0.0543527723585212
0.225,0.3,0.0607981057894079,0.0437347411557506
0.225,0.325,0.0449551321053226,0.0335968435480369
0.225,0.35,0.032589035367785,0.0245642472977753
0.225,0.375,0.0231662500070275,0.0167759803421907
0.225,0.4,0.0160544590177833,0.0103116557270104
0.225,0.425,0.0106758852895,0.00507404984343112
0.225,0.45,0.00661095949964897,0.000854206675125379
0.225,0.475,0.0034889105893118,-0.00246123426692157
0.225,0.5,0.00106564260109128,-0.00503761444373593
0.225,0.525,-0.000861826943627634,-0.00697961706076511
0.225,0.55,-0.00242543794506068,-0.0084109544320688
0.225,0.575,-0.00373778255035439,-0.00939784790821828
0.225,0.6,-0.00486118627605568,-0.010030265884561
0.225,0.625,-0.00585027254453436,-0.0103473853124112
0.225,0.65,-0.0067283888342474,-0.0104064473021855
0.225,0.675,-0.00751611818342953,-0.0102322942394568
0.225,0.7,-0.00821187306819427,-0.00986385468664441
0.225,0.725,-0.00881310283750508,-0.00931857210261827
0.225,0.75,-0.0093003255839701,-0.0086248177559354
0.225,0.775,-0.00965299130539531,-0.0077995494197211
0.225,0.8,-0.00983759742464136,-0.00686795181212975
0.225,0.825,-0.00981895216741249,-0.0058526695309182
0.225,0.85,-0.00955272987096999,-0.00478288090288819
0.225,0.875,-0.00899309570175044,-0.00369431461035895
0.225,0.9,-0.00808904055013673,-0.00262926241934135
0.225,0.925,-0.00679000326064802,-0.00164602708441523
0.225,0.95,-0.0050430270939579,-0.000812438606713872
0.225,0.975,-0.00279786757373744,-0.00022610222883087
0.225,1,0,0
0.25,0,0,0
0.25,0.025,0.0488865930684194,0.00341872220357663
0.25,0.05,0.0949022882945578,0.0128022744006437
0.25,0.075,0.134188873307995,0.0263569652719903
0.25,0.1,0.162982121148974,0.0416720787763663
0.25,0.125,0.179288775459329,0.0565417450989939
0.25,0.15,0.182408468849552,0.0683073327130366
0.25,0.175,0.173964524286559,0.075755480637437
0.25,0.2,0.157245015059386,0.0781062538268215
0.25,0.225,0.135495295020341,0.0757105215221709
0.25,0.25,0.112510354289719,0.0697549780104622
0.25,0.275,0.0904170759970736,0.0613964502672826
0.25,0.3,0.0708898713780009,0.0520578086703787
0.25,0.325,0.0544257745971667,0.0425738987694752
0.25,0.35,0.0410501795299869,0.0337204971271887
0.25,0.375,0.030439526900663,0.0257755466742202
0.25,0.4,0.0221512926015447,0.0188971576038586
0.25,0.425,0.0156951738475922,0.0130966516589461
0.25,0.45,0.0106669847035886,0.00826657362491237
0.25,0.475,0.00672615900871305,0.00432068306718804
0.25,0.5,0.00360370501398717,0.00113577693384041
0.25,0.525,0.00109132904047643,-0.00138727467424059
0.25,0.55,-0.000966516736105487,-0.00336401318380813
0.25,0.575,-0.00269248150334199,-0.00486409190724982
0.25,0.6,-0.00416824665040813,-0.00597188174528033
0.25,0.625,-0.00545682172982833,-0.00673456621791332
0.25,0.65,-0.0065940254662711,-0.00720922097863953
0.25,0.675,-0.0076061695078743,-0.00742655177921358
0.25,0.7,-0.00849891305232712,-0.0074260277313312
0.25,0.725,-0.00927259829722341,-0.00722795839334111
0.25,0.75,-0.00991078262845047,-0.00686073005203656
0.25,0.775,-0.0103931486529742,-0.00634096243647662
0.25,0.8,-0.0106852561778857,-0.00569308448567531
0.25,0.825,-0.0107492295268681,-0.00493662703610642
0.25,0.85,-0.0105351371472189,-0.00409952660672467
0.25,0.875,-0.00999067388088313,-0.0032127641313404
0.25,0.9,-0.00905276393617264,-0.00231769386089789
0.25,0.925,-0.00765888689306306,-0.00146821099141171
0.25,0.95,-0.00573533925052281,-0.000732114256042672
0.25,0.975,-0.00321126409987547,-0.000204675815002979
0.25,1,0,0
0.275,0,0,0
0.275,0.025,0.04262561287559,0.00295701536832771
0.275,0.05,0.0837377638506571,0.0112186335665209
0.275,0.075,0.119889842259247,0.0235051825180479
0.275,0.1,0.148020681854337,0.0377204641089958
0.275,0.125,0.165757322739012,0.0521696506636973
0.275,0.15,0.17235984064303,0.0642914093807211
0.275,0.175,0.168402399792139,0.0729946238440015
0.275,0.2,0.156365158473068,0.0772739515217251
0.275,0.225,0.138773137036443,0.0771271538453565
0.275,0.25,0.118757485520021,0.0734615149972286
0.275,0.275,0.0985568613666186,0.0670311141784122
0.275,0.3,0.0797653803554087,0.0591888742124377
0.275,0.325,0.0632981690614758,0.050675528317093
0.275,0.35,0.0493621664554646,0.0423183986111134
0.275,0.375,0.0379120639068944,0.0345070958152441
0.275,0.4,0.0286476398425747,0.0274770033168754
0.275,0.425,0.0212213477834994,0.0213323720160411
0.275,0.45,0.0152907831859344,0.0160545108354466
0.275,0.475,0.0105413934870537,0.0115998432820688
0.275,0.5,0.00671894971911145,0.00788111970763664
0.275,0.525,0.00359785202528131,0.00482441001541041
0.275,0.55,0.00102140313442101,0.00232425554756508
0.275,0.575,-0.00114995135155548,0.000318942110862622
0.275,0.6,-0.00300431854313379,-0.00127354287003833
0.275,0.625,-0.00461953845115058,-0.0024995225830549
0.275,0.65,-0.00603791256970917,-0.00341831692257918
0.275,0.675,-0.00729633671423083,-0.00406093197156325
0.275,0.7,-0.00840485314820199,-0.00446871794931991
0.275,0.725,-0.00937016287923646,-0.00466225911151408
0.275,0.75,-0.010177813805481,-0.00466983454392312
0.275,0.775,-0.010810171741065,-0.00450721237240785
0.275,0.8,-0.0112318337007669,-0.00419628894451541
0.275,0.825,-0.0114034659947756,-0.00375417416148275
0.275,0.85,-0.011270279695841,-0.0032043778710455
0.275,0.875,-0.0107728473597748,-0.00257367612588417
0.275,0.9,-0.00983784274108622,-0.00189860297959687
0.275,0.925,-0.00838750655254412,-0.00122739801970481
0.275,0.95,-0.00633065404189554,-0.000624788298601502
0.275,0.975,-0.00357190163439323,-0.000178376831382231
0.275,1,0,0
0.3,0,0,0
0.3,0.025,0.0372412629759836,0.00258854722963096
0.3,0.05,0.073800246014147,0.00991528066258605
0.3,0.075,0.106896903360418,0.0209005906175095
0.3,0.1,0.133717876031073,0.0340660113432527
0.3,0.125,0.152273083095293,0.0477617568398142
0.3,0.15,0.161321914118225,0.0599797718715816
0.3,0.175,0.161173672247126,0.069521998842557
0.3,0.2,0.153314726014507,0.0753196184164229
0.3,0.225,0.139699781250783,0.0772345968670403
0.3,0.25,0.12293381973659,0.0756705401527988
0.3,0.275,0.10491082677757,0.0712749545677238
0.3,0.3,0.0874104441670798,0.0650652517994774
0.3,0.325,0.0713334580913688,0.0577829430314808
0.3,0.35,0.0572602526040219,0.0502015974616875
0.3,0.375,0.0452710614560398,0.0427763413101231
0.3,0.4,0.0352779563625174,0.0358421609177735
0.3,0.425,0.0270525233262252,0.0295597626121335
0.3,0.45,0.0203218165793087,0.0240044428710837
0.3,0.475,0.0148269569786338,0.0191734973509718
0.3,0.5,0.0103243089004489,0.0150214048535485
0.3,0.525,0.00660625840323004,0.0114963909968531
0.3,0.55,0.00350342302286426,0.00851897719839419
0.3,0.575,0.000879716034838348,0.00603227726652257
0.3,0.6,-0.00136919772561491,0.00396610983074468
0.3,0.625,-0.00332357126006524,0.0022731460702712
0.3,0.65,-0.00503937948428564,0.000898202799974499
0.3,0.675,-0.00655663659422953,-0.000191698139562059
0.3,0.7,-0.00789582590704386,-0.0010357692701391
0.3,0.725,-0.00906564611092018,-0.00165542035483965
0.3,0.75,-0.0100586897982264,-0.00207726307016326
0.3,0.775,-0.0108571776228972,-0.00231530670357815
0.3,0.8,-0.0114292096514467,-0.00238885868781425
0.3,0.825,-0.0117318704853327,-0.00231031967499689
0.3,0.85,-0.0117093702971712,-0.00209899477319262
0.3,0.875,-0.0112933066456158,-0.00177440059949576
0.3,0.9,-0.0104028025005597,-0.00136694783164353
0.3,0.925,-0.0089435055883569,-0.000916729034622895
0.3,0.95,-0.0068076121805479,-0.000480902618462039
0.3,0.975,-0.00387334501736378,-0.000140257766942169
0.3,1,0,0
0.325,0,0,0
0.325,0.025,0.0324754849964363,0.00223766354799134
0.325,0.05,0.0649686161225222,0.00866642940811479
0.325,0.075,0.0950856980852718,0.0185232247822164
0.325,0.1,0.120549338721324,0.0305677105180091
0.325,0.125,0.139306788974544,0.0435469829549301
0.325,0.15,0.150230858690001,0.0556102134729867
0.325,0.175,0.153041277488719,0.0657355126719097
0.325,0.2,0.148760474140907,0.0727547472986887
0.325,0.225,0.138742719479413,0.0763590452457069
0.325,0.25,0.125071319824549,0.0767291071046522
0.325,0.275,0.109472255602897,0.074219689433111
0.325,0.3,0.0935166160516752,0.069700992348121
0.325,0.325,0.0783007367874278,0.0637663826364092
0.325,0.35,0.064437006888544,0.0571705378075687
0.325,0.375,0.0522721406759687,0.0503706189773037
0.325,0.4,0.0418142523757338,0.043761968386986
0.325,0.425,0.0329937486046606,0.0375641536248502
0.325,0.45,0.0256106002714165,0.0319065209991487
0.325,0.475,0.0194619178257574,0.0268489849936732
0.325,0.5,0.0143411541131035,0.0223751601816105
0.325,0.525,0.0100539937504715,0.0184726854337476
0.325,0.55,0.00644473724621538,0.0150791188681851
0.325,0.575,0.00337105411071555,0.0121570117521506
0.325,0.6,0.000730853410741264,0.00964162757827685
0.325,0.625,-0.00156835419566814,0.00749569452577585
0.325,0.65,-0.0035842579938791,0.00566440875808739
0.325,0.675,-0.00536804505969945,0.00411951405193192
0.325,0.7,-0.00694282526286009,0.00282164759261061
0.325,0.725,-0.00832627668399605,0.00175203769483939
0.325,0.75,-0.00951278023632461,0.000885284621808777
0.325,0.775,-0.0104908705457813,0.000210276957689457
0.325,0.8,-0.0112280027551065,-0.00028856072324983
0.325,0.825,-0.0116841744970341,-0.000618748199179815
0.325,0.85,-0.0117984658661079,-0.00079330567762221
0.325,0.875,-0.0115003025915613,-0.0008231066463363
0.325,0.9,-0.0106964004071785,-0.00073075633512516
0.325,0.925,-0.00928219521246899,-0.000543383259730751
0.325,0.95,-0.00712764613697104,-0.000311132079738742
0.325,0.975,-0.00409069109234977,-9.71897115760692E-05
0.325,1,0,0
0.35,0,0,0
0.35,0.025,0.028353188071442,0.00196245700507954
0.35,0.05,0.0571550687429267,0.00764514959217539
0.35,0.075,0.0844570711261334,0.0164284582079306
0.35,0.1,0.108241234471264,0.027442820907747
0.35,0.125,0.126807524986913,0.0395379317977497
0.35,0.15,0.138845778387964,0.0512912892126248
0.35,0.175,0.144009518584914,0.0616506729994688
0.35,0.2,0.142718883359248,0.069549191271767
0.35,0.225,0.1359533812439,0.0745724213852856
0.35,0.25,0.125316292181305,0.0766143640866308
0.35,0.275,0.112188926618025,0.0759284209888201
0.35,0.3,0.0980958513805226,0.0730780887604583
0.35,0.325,0.0840152850119591,0.0686011476342708
0.35,0.35,0.0707531602578163,0.0631458036564542
0.35,0.375,0.0587074972262291,0.0571668113691518
0.35,0.4,0.0480730698672095,0.0510911735545601
0.35,0.425,0.0388664753440054,0.0451709819388969
0.35,0.45,0.0309924061305761,0.0395937133415631
0.35,0.475,0.0243111293556115,0.0344541131219064
0.35,0.5,0.0186526254347723,0.0297886177023851
0.35,0.525,0.013859763557488,0.0256052288479556
0.35,0.55,0.00977878856171712,0.0218769428352861
0.35,0.575,0.00628469575782059,0.0185758561897739
0.35,0.6,0.00326529438872765,0.015655415958105
0.35,0.625,0.000634759126838762,0.0130819813235799
0.35,0.65,-0.00167791076117552,0.0108106058832111
0.35,0.675,-0.0037218586256303,0.00881384465582468
0.35,0.7,-0.00553295124548124,0.0070575638387472
0.35,0.725,-0.00712840071987966,0.00552404071123226
0.35,0.75,-0.00851357533682884,0.00419140692981974
0.35,0.775,-0.00967593570285475,0.00305172405188466
0.35,0.8,-0.0105917061657722,0.00209374239744095
0.35,0.825,-0.0112168838560092,0.00131636721100253
0.35,0.85,-0.0114960979063088,0.000713655111849959
0.35,0.875,-0.0113485677679837,0.000284904692746927
0.35,0.9,-0.0106808451083448,1.90094369121575E-05
0.35,0.925,-0.00936835736909416,-9.84039728679122E-05
0.35,0.95,-0.0072711152206901,-0.0001017352103911
0.35,0.975,-0.00421436804661029,-4.13702575017002E-05
0.35,1,0,0
0.375,0,0,0
0.375,0.025,0.0247172219381916,0.00170313947763995
0.375,0.05,0.0502187409778388,0.00669608226463355
0.375,0.075,0.0748583888772329,0.0145454434761696
0.375,0.1,0.09699971586079,0.0245407838382251
0.375,0.125,0.115014713202741,0.0358142759245837
0.375,0.15,0.127776140796658,0.0471003987513553
0.375,0.175,0.134642594484818,0.0575352272567893
0.375,0.2,0.135812790974613,0.066040416694691
0.375,0.225,0.131837251717458,0.0721661909562979
0.375,0.25,0.123937272372743,0.0756531193843848
0.375,0.275,0.113255994691075,0.0765628635643167
0.375,0.3,0.101073155108504,0.075320021019261
0.375,0.325,0.0883972428384762,0.0722901282777339
0.375,0.35,0.0759820399979907,0.0680703536965225
0.375,0.375,0.0643770598190208,0.0630549613300658
0.375,0.4,0.0538236225510834,0.0576786210627181
0.375,0.425,0.0444742598059618,0.0522180613478719
0.375,0.45,0.0362939991735957,0.0468855122429811
0.375,0.475,0.0292254501116081,0.0418248082122398
0.375,0.5,0.023142041162191,0.0370968446303678
0.375,0.525,0.0179205750007236,0.0327518729877209
0.375,0.55,0.0134323017857485,0.0287767185560061
0.375,0.575,0.00955692774837478,0.0251738854000936
0.375,0.6,0.00619459791121917,0.0219013316608242
0.375,0.625,0.00325274203951261,0.0189444787042313
0.375,0.65,0.000665198335780937,0.0162591198392079
0.375,0.675,-0.00162768603207073,0.013828800550294
0.375,0.7,-0.00366095519560785,0.0116192350367544
0.375,0.725,-0.00546275319981689,0.0096193939308801
0.375,0.75,-0.0070391637445138,0.00780879315209597
0.375,0.775,-0.00838756021562832,0.00618482136887441
0.375,0.8,-0.0094841920183353,0.00474076319261116
0.375,0.825,-0.0102932481652758,0.00348263986221636
0.375,0.85,-0.0107555272455247,0.002412730515518
0.375,0.875,-0.010795110739341,0.00154309748522521
0.375,0.9,-0.0103061919818015,0.000873907967784235
0.375,0.925,-0.00916180865656076,0.00041166775146112
0.375,0.95,-0.0071963414338021,0.000133562293474138
0.375,0.975,-0.0042210062829739,1.97240864468593E-05
0.375,1,0,0
0.4,0,0,0
0.4,0.025,0.0215496518292625,0.00149847421172638
0.4,0.05,0.0440881597912136,0.00591381086659661
0.4,0.075,0.0662594699661621,0.0129061809541203
0.4,0.1,0.0866410659635148,0.0219832364066411
0.4,0.125,0.103893554098317,0.03237830014994
0.4,0.15,0.116864799629638,0.0431296134836483
0.4,0.175,0.124957786904746,0.053396266655893
0.4,0.2,0.128041262882582,0.062257466535653
0.4,0.225,0.12646182244422,0.0692028779794029
0.4,0.25,0.121059539584849,0.0738620862279744
0.4,0.275,0.112714572758964,0.0762064496231174
0.4,0.3,0.10254581798818,0.0764398432938298
0.4,0.325,0.0914022327902732,0.0748596198331427
0.4,0.35,0.0801002195533377,0.071914898375899
0.4,0.375,0.0691559692040135,0.0679749493446409
0.4,0.4,0.0589470288307849,0.0634377704604979
0.4,0.425,0.0496625713142404,0.0585854864798357
0.4,0.45,0.04137243113031,0.0536597189849455
0.4,0.475,0.0340726104475612,0.0488190231371208
0.4,0.5,0.0276893439435706,0.0441699136683423
0.4,0.525,0.0221421937704788,0.0397763122288872
0.4,0.55,0.0173191878021204,0.035661364965365
0.4,0.575,0.0131274414307799,0.0318364940367473
0.4,0.6,0.00946441208681663,0.0282845369633169
0.4,0.625,0.00625349729620995,0.0249949561583679
0.4,0.65,0.00341732884758485,0.0219389651114397
0.4,0.675,0.000904678651271318,0.0191018456840693
0.4,0.7,-0.00133343226508696,0.0164580623778297
0.4,0.725,-0.00332110741896488,0.0139985437145312
0.4,0.75,-0.00507887036286096,0.011708443824225
0.4,0.775,-0.0066018883437115,0.00958929199674041
0.4,0.8,-0.00788070044537329,0.00764006280584796
0.4,0.825,-0.00887618554406142,0.00587485466379413
0.4,0.85,-0.00954268249551252,0.00430516856322089
0.4,0.875,-0.00979515645968673,0.00295651908571302
0.4,0.9,-0.00953791317653882,0.00184552409739227
0.4,0.925,-0.00862297149540766,0.000997122786932855
0.4,0.95,-0.00688501200873013,0.000413339639705592
0.4,0.975,-0.00409657631328021,9.50472071556738E-05
0.4,1,0,0
0.425,0,0,0
0.425,0.025,0.0187559444424014,0.00130686339643919
0.425,0.05,0.0386403641239033,0.00519795516960913
0.425,0.075,0.0585168527873563,0.0114407600591381
0.425,0.1,0.0772239178013816,0.0196430120752924
0.425,0.125,0.0935305990074781,0.0292301391641893
0.425,0.15,0.106472571646205,0.0393672390008656
0.425,0.175,0.115329122285152,0.0493816850176881
0.425,0.2,0.119904760052037,0.0583901896152716
0.425,0.225,0.12027218578175,0.0659185587846057
0.425,0.25,0.117033960700182,0.0715179066627299
0.425,0.275,0.110841273893457,0.0750574352380898
0.425,0.3,0.102596073972545,0.0766306459731142
0.425,0.325,0.0930776771726979,0.0763925235365424
0.425,0.35,0.0830005928711009,0.0747213945423426
0.425,0.375,0.0729411728865129,0.071895778839282
0.425,0.4,0.0632685190967288,0.0682930817437063
0.425,0.425,0.0542729548743086,0.0641737158493884
0.425,0.45,0.046056640029522,0.0597868919705142
0.425,0.475,0.0386955170030754,0.0553122971215929
0.425,0.5,0.0321540447730708,0.0508686209245251
0.425,0.525,0.0263946870673456,0.0465558000266277
0.425,0.55,0.0213357012377796,0.0424035977617836
0.425,0.575,0.0168995337075055,0.0384571210397127
0.425,0.6,0.0130037015664966,0.03470064985692
0.425,0.625,0.00957066846034192,0.0311490242298792
0.425,0.65,0.00653466686370791,0.0277716747140493
0.425,0.675,0.00383540373900578,0.0245713389740799
0.425,0.7,0.00142924346427931,0.0215202460633991
0.425,0.725,-0.00072002953846897,0.0186207076025161
0.425,0.75,-0.00263199294497463,0.0158580210361546
0.425,0.775,-0.00431497235690738,0.0132417691631538
0.425,0.8,-0.00576087746133646,0.0107754608408009
0.425,0.825,-0.00694436112345435,0.00848204343073417
0.425,0.85,-0.00781971025258084,0.00638305693592266
0.425,0.875,-0.00831539109990865,0.00451999356528121
0.425,0.9,-0.00832729594239852,0.00292478565369375
0.425,0.925,-0.00771604810229321,0.00165144024080708
0.425,0.95,-0.00629063493302417,0.000719251787651007
0.425,0.975,-0.00381933763451124,0.000176079587560244
0.425,1,0,0
0.45,0,0,0
0.45,0.025,0.0163060228579118,0.00115374502325083
0.45,0.05,0.0338188553876635,0.00460065400238122
0.45,0.075,0.0515898201855475,0.0101673331621226
0.45,0.1,0.06861964545231,0.0175880259326258
0.45,0.125,0.0838970232179754,0.0263688087291851
0.45,0.15,0.0964945109939944,0.035881464273518
0.45,0.175,0.105785486764031,0.045495787617562
0.45,0.2,0.111410264337742,0.0544885143698083
0.45,0.225,0.113359359000677,0.0623632662724207
0.45,0.25,0.111972665034181,0.0686647059467343
0.45,0.275,0.107724407288082,0.0732025660818219
0.45,0.3,0.101338712144277,0.0759337529042516
0.45,0.325,0.0934386917486243,0.0769549684605526
0.45,0.35,0.0847146977366759,0.0765030717450256
0.45,0.375,0.0756666010210722,0.0748193382214697
0.45,0.4,0.0667326621439902,0.0722095180822254
0.45,0.425,0.0581973092180208,0.0689188683804959
0.45,0.45,0.0502453313910231,0.0651896300320573
0.45,0.475,0.0429814492202435,0.061200488084554
0.45,0.5,0.0364271889231618,0.0570945380108024
0.45,0.525,0.0305810714099865,0.0529754378179379
0.45,0.55,0.0253877546816003,0.0489047172823723
0.45,0.575,0.0208008712260214,0.0449301522298255
0.45,0.6,0.0167421967385863,0.0410635372567264
0.45,0.625,0.013156953233243,0.0373203959202274
0.45,0.65,0.00997114935630646,0.0336895990211444
0.45,0.675,0.00713921206474112,0.030173833241604
0.45,0.7,0.00460311794571487,0.0267577606866473
0.45,0.725,0.00233489631168705,0.0234446813035502
0.45,0.75,0.000297542592963902,0.0202277415938916
0.45,0.775,-0.00151381824681178,0.0171205873279477
0.45,0.8,-0.00311090910115339,0.0141333743207245
0.45,0.825,-0.0044671211484126,0.0112983391487077
0.45,0.85,-0.00555941653304603,0.0086473800300495
0.45,0.875,-0.00631152808085035,0.00623894266550954
0.45,0.9,-0.00664296578612823,0.0041255351679516
0.45,0.925,-0.00639652300663524,0.00238650014160936
0.45,0.95,-0.00539692420006238,0.00107607173738717
0.45,0.975,-0.0033697514514765,0.000273279829841011
0.45,1,0,0
0.475,0,0,0
0.475,0.025,0.0141429614071835,0.00101090725122808
0.475,0.05,0.0295276204512347,0.00405846195771491
0.475,0.075,0.0453607403990141,0.00903012076147985
0.475,0.1,0.0608184385854235,0.015721493203719
0.475,0.125,0.0749938855417292,0.0237649297674297
0.475,0.15,0.0871214038668321,0.032625722521225
0.475,0.175,0.0965401635288409,0.0418083346972391
0.475,0.2,0.102910159478597,0.0506442244363695
0.475,0.225,0.106062798041778,0.0587039544856136
0.475,0.25,0.106214303541885,0.0655064745526613
0.475,0.275,0.103658905455747,0.0708271594315011
0.475,0.3,0.098957510556952,0.0745500050377889
0.475,0.325,0.0926307426167631,0.0766734917477197
0.475,0.35,0.0852555588771825,0.0773700779602485
0.475,0.375,0.0773277030078346,0.0767856727353334
0.475,0.4,0.0692422913974632,0.0751938648794844
0.475,0.425,0.0613358973523987,0.0727878783899613
0.475,0.45,0.0537979599193459,0.0698016828878445
0.475,0.475,0.0467931858480742,0.0664065580979873
0.475,0.5,0.040368042217115,0.0627458917017153
0.475,0.525,0.0345638275951677,0.058942387689674
0.475,0.55,0.0293534588065298,0.055057300000504
0.475,0.575,0.0247110602227917,0.0511666167585023
0.475,0.6,0.0205825650393991,0.0472780395193653
0.475,0.625,0.0169160015843113,0.0434346222919087
0.475,0.65,0.0136548979254468,0.0396182024364784
0.475,0.675,0.0107458444067317,0.035853887884798
0.475,0.7,0.0081411089352311,0.0321194884165285
0.475,0.725,0.00579945507726245,0.0284344939142677
0.475,0.75,0.00368699668925448,0.0247886477409951
0.475,0.775,0.00178260912093396,0.0212068260230216
0.475,0.8,7.11986582029598E-05,0.0177021068752764
0.475,0.825,-0.00143997840014692,0.0143169898204421
0.475,0.85,-0.0027347125327241,0.011094554807935
0.475,0.875,-0.00376018168341587,0.00811136935782081
0.475,0.9,-0.00443723565960721,0.00543976404658878
0.475,0.925,-0.00463215507540095,0.00319634036338501
0.475,0.95,-0.00415002939718927,0.0014597632646848
0.475,0.975,-0.00272746488263018,0.000376806578790349
0.475,1,0,0
0.5,0,0,0
0.5,0.025,0.0122352832412455,0.000895216626744381
0.5,0.05,0.0257212405789027,0.00360029642299181
0.5,0.075,0.0397867590594895,0.00803937910216664
0.5,0.1,0.0537266213884175,0.0140809228072252
0.5,0.125,0.0667940318162823,0.0214159682137053
0.5,0.15,0.0782771006325502,0.029646506407051
0.5,0.175,0.087618388024398,0.0383215932374033
0.5,0.2,0.0944074502177057,0.0469080625728903
0.5,0.225,0.0984665551888472,0.0549796509960545
0.5,0.25,0.0998476256462688,0.0621000294156872
0.5,0.275,0.0987460126751409,0.068013193233854
0.5,0.3,0.0955690077744597,0.0725400863765012
0.5,0.325,0.0907162494393592,0.0756367358900776
0.5,0.35,0.0846978113901982,0.0773680864357716
0.5,0.375,0.0779219031845193,0.0778447672761435
0.5,0.4,0.0707998792467748,0.0772559236763398
0.5,0.425,0.063630952007571,0.0757727949759047
0.5,0.45,0.056657174658787,0.0735923898309738
0.5,0.475,0.0500449407847014,0.0708742608097291
0.5,0.5,0.0438897333875323,0.0677630370025279
0.5,0.525,0.0382550591601061,0.0643743982841366
0.5,0.55,0.033142781078199,0.0607899036188434
0.5,0.575,0.0285551161440968,0.0570796050736148
0.5,0.6,0.0244466872728796,0.053275649757802
0.5,0.625,0.0207913257363147,0.0494151092130591
0.5,0.65,0.0175264845409899,0.0455009739408878
0.5,0.675,0.0146187543955123,0.0415530295217097
0.5,0.7,0.0120051680709921,0.0375644648676932
0.5,0.725,0.0096573052172419,0.0335519855113159
0.5,0.75,0.00752047763935733,0.0295152716762938
0.5,0.775,0.00557869283528274,0.0254812494595589
0.5,0.8,0.00379101080586598,0.0214703004924474
0.5,0.825,0.00216286287063271,0.0175343460075466
0.5,0.85,0.000677267721071242,0.0137269358198052
0.5,0.875,-0.000616522095317609,0.0101450264734673
0.5,0.9,-0.00168048741478327,0.00688457214935646
0.5,0.925,-0.00237263496359605,0.00409581631948854
0.5,0.95,-0.002536686957695,0.00190344443884039
0.5,0.975,-0.00186654459858616,0.000499268736541902
0.5,1,0,0
0.525,0,0,0
0.525,0.025,0.0105487331893053,0.000787529180761085
0.525,0.05,0.0223282861511605,0.00318643386097013
0.525,0.075,0.0347771997305321,0.0071543661426172
0.525,0.1,0.0473073669067786,0.0125970747452871
0.525,0.125,0.0592592205671645,0.0192866483978286
0.525,0.15,0.0700478631549885,0.0268905410940978
0.525,0.175,0.0791228611559876,0.0350586910675882
0.525,0.2,0.0861281759972756,0.0433116242945334
0.525,0.225,0.090802763451272,0.0512951911725449
0.525,0.25,0.0931522069447166,0.0585788538439408
0.525,0.275,0.0932468896774633,0.0649129846169183
0.525,0.3,0.0913906398215321,0.0700815068517175
0.525,0.325,0.0878832354025451,0.0739851620421229
0.525,0.35,0.0831371596260433,0.0766419308551135
0.525,0.375,0.077521246876412,0.0780834151731096
0.525,0.4,0.0713888675254398,0.0784660878221296
0.525,0.425,0.0650521397613244,0.0778972129638233
0.525,0.45,0.0587353670599011,0.0765585060102453
0.525,0.475,0.0526408736297201,0.0745776611154802
0.525,0.5,0.046872973872708,0.0720929693567118
0.525,0.525,0.0415285828433291,0.0692176346676403
0.525,0.55,0.0366311917820797,0.066026936280718
0.525,0.575,0.0322018544182235,0.0626070414400199
0.525,0.6,0.028220006092964,0.0589796249315174
0.525,0.625,0.024662686216221,0.0552057914126799
0.525,0.65,0.0214893884918298,0.0512743519497568
0.525,0.675,0.0186580793187204,0.0472295395281359
0.525,0.7,0.0161212600294441,0.0430499333592354
0.525,0.725,0.0138346167922442,0.0387728086976219
0.525,0.75,0.0117495407748685,0.0343873738345703
0.525,0.775,0.009829814568703,0.0299356586824881
0.525,0.8,0.00802893845411774,0.0254363683570524
0.525,0.825,0.00632703236236285,0.0209534363245741
0.525,0.85,0.004690158597416,0.0165509167822734
0.525,0.875,0.00313286239393609,0.0123453408124916
0.525,0.9,0.00167423936086402,0.00845693545068548
0.525,0.925,0.00041296346127438,0.0050814283760158
0.525,0.95,-0.000491008891912689,0.00237676348287936
0.525,0.975,-0.000766305517065936,0.000629258901895754
0.525,1,0,0
0.55,0,0,0
0.55,0.025,0.00905420791267556,0.000699294266291205
0.55,0.05,0.0193114318896101,0.00283283230487409
0.55,0.075,0.0302904578976798,0.00638065766691632
0.55,0.1,0.0414889421471222,0.0112897586101397
0.55,0.125,0.0523606748636235,0.0173731405115421
0.55,0.15,0.0623729572592843,0.0243867737274776
0.55,0.175,0.0710684180322902,0.0320195069344884
0.55,0.2,0.0780687215274408,0.0398965707902106
0.55,0.225,0.0831409909792968,0.04767922659367
0.55,0.25,0.0861956826207871,0.0549994826216676
0.55,0.275,0.0872620740601689,0.0615970535405119
0.55,0.3,0.0865294074976808,0.0672428587800249
0.55,0.325,0.0842183589732485,0.0718131877237767
0.55,0.35,0.0806661630681249,0.0752579288992056
0.55,0.375,0.0761643805614952,0.0775832281662555
0.55,0.4,0.0710498573057003,0.0788689813495979
0.55,0.425,0.0655844473584521,0.0792017821117938
0.55,0.45,0.0600158391553003,0.078711710052281
0.55,0.475,0.0545282126413109,0.0775103285817748
0.55,0.5,0.0492601188279908,0.0757168051182148
0.55,0.525,0.0443150074241158,0.073430186783963
0.55,0.55,0.0397417552908499,0.0707307110870673
0.55,0.575,0.0355819666295319,0.0676901415029961
0.55,0.6,0.0318243424187636,0.0643473030401432
0.55,0.625,0.028471489561712,0.0607481471176817
0.55,0.65,0.025476647004356,0.0569013715467196
0.55,0.675,0.0228218825635382,0.0528368894930348
0.55,0.7,0.0204416173317529,0.0485501625190086
0.55,0.725,0.0183095504375223,0.0440679758846554
0.55,0.75,0.0163506889244825,0.0393912591162011
0.55,0.775,0.0145369647586938,0.0345587861920813
0.55,0.8,0.0127878053432782,0.0295970950715435
0.55,0.825,0.011078513891446,0.024577507047798
0.55,0.85,0.00932882784913211,0.0195738937753724
0.55,0.875,0.007537585227287,0.0147259026599344
0.55,0.9,0.0056596205695249,0.0101793879420446
0.55,0.925,0.00378357086392277,0.00617349485839536
0.55,0.95,0.00199678370205148,0.00292447006154768
0.55,0.975,0.000606811134973301,0.000782694815637267
0.55,1,0,0
0.575,0,0,0
0.575,0.025,0.00773108113090374,0.000617373056903953
0.575,0.05,0.0166184112142064,0.00251474168471758
0.575,0.075,0.0262587171578276,0.0056894146413594
0.575,0.1,0.0362277136192367,0.0101108769543813
0.575,0.125,0.0460474500078515,0.0156432034836844
0.575,0.15,0.0552796619916949,0.0220868326852234
0.575,0.175,0.0634896954717694,0.0292029893997755
0.575,0.2,0.0703608314043879,0.0366622015582167
0.575,0.225,0.0756224024944693,0.0441903014761285
0.575,0.25,0.0791833633808861,0.0514398917604687
0.575,0.275,0.0809939949665934,0.0581771410597587
0.575,0.3,0.0811896054688508,0.0641623402088057
0.575,0.325,0.0799105551911995,0.0692496817226795
0.575,0.35,0.0774234824695322,0.0733625504913728
0.575,0.375,0.0739705157787677,0.0764515161500928
0.575,0.4,0.0698321371146241,0.0785726466291028
0.575,0.425,0.0652590157381894,0.0797507964211759
0.575,0.45,0.0604692917103532,0.0801021115599898
0.575,0.475,0.0556610161456833,0.0796920137374389
0.575,0.5,0.0509683689474967,0.0786319053917146
0.575,0.525,0.0465149113609292,0.0769987185918829
0.575,0.55,0.0423629596467168,0.0748638741244355
0.575,0.575,0.0385668997568023,0.0722988869749348
0.575,0.6,0.0351386677024567,0.0693276828399792
0.575,0.625,0.0320806520261842,0.0660110220308817
0.575,0.65,0.0293717984993251,0.0623356680617151
0.575,0.675,0.0269813110296691,0.0583540863288047
0.575,0.7,0.0248650565156759,0.054036107087675
0.575,0.725,0.0229748519807941,0.0494323103205513
0.575,0.75,0.0212463532523656,0.0445210701238399
0.575,0.775,0.0196242812380373,0.0393612001100817
0.575,0.8,0.0180212024805595,0.0339677612342695
0.575,0.825,0.0163792706296245,0.0284274096173237
0.575,0.85,0.0145884129698309,0.0228199360496197
0.575,0.875,0.0125996291477415,0.0173064415564198
0.575,0.9,0.0103213228946525,0.0120601263738544
0.575,0.925,0.00777245367103612,0.00737452587164983
0.575,0.95,0.00501276621520493,0.00350939657899874
0.575,0.975,0.00227799096164884,0.000946240196226541
0.575,1,0,0
0.6,0,0,0
0.6,0.025,0.00655362751611174,0.000549647139804642
0.6,0.05,0.0142180873015439,0.00224046722396033
0.6,0.075,0.022643243253071,0.0050830540456317
0.6,0.1,0.0314665368464951,0.00906936735125446
0.6,0.125,0.0402889023305874,0.0140913321100606
0.6,0.15,0.0487162207518636,0.0200059643642735
0.6,0.175,0.0563897169015202,0.0266053937062128
0.6,0.2,0.0629929172259335,0.0336370691190702
0.6,0.225,0.0682971518958407,0.0408460608239432
0.6,0.25,0.0721605953394391,0.0479468525084299
0.6,0.275,0.0745286161456209,0.0547078480164573
0.6,0.3,0.0754589698596639,0.0609045500415758
0.6,0.325,0.075050091470799,0.0663814414616652
0.6,0.35,0.0735024935101948,0.071028515590213
0.6,0.375,0.0710023480651343,0.0747823889373722
0.6,0.4,0.0677991611014432,0.0776416400941269
0.6,0.425,0.0640954780731102,0.0796171697787726
0.6,0.45,0.0601120544239855,0.0807722161290544
0.6,0.475,0.0560188790689753,0.0811581809908824
0.6,0.5,0.0519694977729579,0.080854440896201
0.6,0.525,0.0480816474941974,0.0799215749572581
0.6,0.55,0.0444361961146236,0.0784220099464414
0.6,0.575,0.0410998485470212,0.0764065479842225
0.6,0.6,0.0380913213534063,0.073907016695391
0.6,0.625,0.0354367345782372,0.0709589539960536
0.6,0.65,0.0331060281218405,0.0675653284280783
0.6,0.675,0.0310962379939511,0.0637515959819592
0.6,0.7,0.0293390862038566,0.0595045775396857
0.6,0.725,0.027811152007417,0.054851281079953
0.6,0.75,0.0264114694856248,0.0497831854793279
0.6,0.775,0.0250989007505221,0.0443452637923845
0.6,0.8,0.0237382866404513,0.0385610970822613
0.6,0.825,0.0222664107799618,0.0325186751937818
0.6,0.85,0.0205080549204556,0.0263069060206403
0.6,0.875,0.0183839540398348,0.0201106256959583
0.6,0.9,0.0157063024162059,0.0141302460806665
0.6,0.925,0.0124543943609416,0.00871356242290314
0.6,0.95,0.00856421925230889,0.00419292582418474
0.6,0.975,0.00429089218660713,0.00114099818635637
0.6,1,0,0
0.625,0,0,0
0.625,0.025,0.00550957808186298,0.000486945561124626
0.625,0.05,0.0120724112573901,0.00199458169306272
0.625,0.075,0.0193941778210163,0.0045410430364202
0.625,0.1,0.0271640970114219,0.00813165234334827
0.625,0.125,0.035034584861804,0.0126902133151982
0.625,0.15,0.0426794114354736,0.0181032835837582
0.625,0.175,0.0497657402287371,0.0242137824049844
0.625,0.2,0.0560330443431671,0.0308042519763114
0.625,0.225,0.061239992718965,0.0376725757547725
0.625,0.25,0.0652647483570851,0.0445579142273829
0.625,0.275,0.0680069835485591,0.0512616900430594
0.625,0.3,0.0695049478534449,0.0575649326573855
0.625,0.325,0.0697999150812906,0.0633112976672018
0.625,0.35,0.0690495242478157,0.0683821141196909
0.625,0.375,0.0673947379567219,0.0726809105072108
0.625,0.4,0.0650403253290279,0.0761948279670226
0.625,0.425,0.0621674601970661,0.0788841295868372
0.625,0.45,0.0589653282889465,0.0808051176911573
0.625,0.475,0.0556035478462163,0.0819590115307177
0.625,0.5,0.0522232244848019,0.082421964683898
0.625,0.525,0.048951032474002,0.0822178503840778
0.625,0.55,0.0458742537132746,0.0814036122692558
0.625,0.575,0.0430653463260494,0.0800121743656892
0.625,0.6,0.040564377817366,0.0780608817422637
0.625,0.625,0.0383915886769143,0.0755858579340025
0.625,0.65,0.0365469264465445,0.0725625724902939
0.625,0.675,0.0350069399537134,0.0690320320185314
0.625,0.7,0.033733116261391,0.0649422432233559
0.625,0.725,0.0326691227924789,0.0603448264205743
0.625,0.75,0.0317325037834733,0.055189944686937
0.625,0.775,0.0308417135992031,0.049549015253572
0.625,0.8,0.0298561591398806,0.0434157621382969
0.625,0.825,0.0286666435961638,0.0369003861178858
0.625,0.85,0.0270539834581751,0.0300856172853251
0.625,0.875,0.0248744939713002,0.0231825476846817
0.625,0.9,0.0218546065754053,0.0164177835563117
0.625,0.925,0.0178687773408239,0.0102049255109558
0.625,0.95,0.0127701560271518,0.00493021863394451
0.625,0.975,0.00668269605805591,0.00135115300010174
0.625,1,0,0
0.65,0,0,0
0.65,0.025,0.00457693597445231,0.000434550516909155
0.65,0.05,0.0101557566084867,0.00178029190921395
0.65,0.075,0.0164771007427123,0.00406290551126757
0.65,0.1,0.0232741324987951,0.00729906340025983
0.65,0.125,0.0302534729136498,0.0114314084272965
0.65,0.15,0.0371237102830292,0.0163825857719353
0.65,0.175,0.0436104086145018,0.0220187318669235
0.65,0.2,0.0494624338497183,0.0281774151669796
0.65,0.225,0.0544813213819224,0.0346747848374122
0.65,0.25,0.0585208053380768,0.0413035274295344
0.65,0.275,0.0614948695810171,0.0478734284544232
0.65,0.3,0.0633929090915828,0.0541934219996771
0.65,0.325,0.0642415510559804,0.060107154436395
0.65,0.35,0.0641475688615497,0.0654876739229413
0.65,0.375,0.0632186835942365,0.0702344398265871
0.65,0.4,0.0616268158703884,0.0742987390506924
0.65,0.425,0.0595160206084575,0.077635220744633
0.65,0.45,0.0570667574480076,0.0802559354919466
0.65,0.475,0.0544203654297301,0.0821540277522291
0.65,0.5,0.0517261373397937,0.0833701821468896
0.65,0.525,0.0490988441206788,0.0839145497257811
0.65,0.55,0.0466379098121433,0.0838261493047301
0.65,0.575,0.0444223760371825,0.0831146942694976
0.65,0.6,0.0424960916842171,0.0817974244907186
0.65,0.625,0.0409019190994581,0.079876016749782
0.65,0.65,0.0396273980485188,0.0773382552013527
0.65,0.675,0.0386819931991515,0.0741817507310996
0.65,0.7,0.0379941017282413,0.0703713025891287
0.65,0.725,0.037542248270527,0.0659142212388157
0.65,0.75,0.0371899435788237,0.0607750792423767
0.65,0.775,0.0368814704106453,0.0549923036851633
0.65,0.8,0.0364039231689238,0.0485694978762839
0.65,0.825,0.0356488067099784,0.0416050206842286
0.65,0.85,0.0343009690399526,0.0341913077127553
0.65,0.875,0.0321732427879511,0.0265594987148302
0.65,0.9,0.0288495877465753,0.0189662194412461
0.65,0.925,0.0241213086962806,0.0118896536838613
0.65,0.95,0.0176391180136626,0.00580687725637909
0.65,0.975,0.00951239538767087,0.00160578383699163
0.65,1,0,0
0.675,0,0,0
0.675,0.025,0.00374883709734908,0.000386013464403683
0.675,0.05,0.00844099184332562,0.00158777868077643
0.675,0.075,0.013856402736651,0.003633154412876
0.675,0.1,0.0197620160389803,0.00654651712860549
0.675,0.125,0.0259020253031995,0.0102909199571996
0.675,0.15,0.0320328857366815,0.0148082278032464
0.675,0.175,0.0379039215265294,0.0200002876281458
0.675,0.2,0.0433099397689002,0.0257302724180416
0.675,0.225,0.0480525607369543,0.0318555584331296
0.675,0.25,0.0520127782262148,0.0381917143978643
0.675,0.275,0.0550807231650726,0.0445808643826614
0.675,0.3,0.0572467796447656,0.0508448902485966
0.675,0.325,0.0585003911202805,0.0568384243013524
0.675,0.35,0.0589278497547767,0.0624377578057829
0.675,0.375,0.0586016427471334,0.0675274087379709
0.675,0.4,0.057663831004373,0.0720584384443018
0.675,0.425,0.0562365211134744,0.0759495014092836
0.675,0.45,0.0544732753139216,0.0792149039276485
0.675,0.475,0.0525089697453812,0.081801758105066
0.675,0.5,0.0504779674286052,0.0837564238668511
0.675,0.525,0.0484978640213333,0.085044574023423
0.675,0.55,0.0466701401592661,0.0857097995023326
0.675,0.575,0.0450755815330408,0.0857272646007271
0.675,0.6,0.0437788256559718,0.0851083921535668
0.675,0.625,0.0428123222273173,0.0838367360380794
0.675,0.65,0.0422007145462688,0.081874703737332
0.675,0.675,0.0419241793271861,0.0792203703951736
0.675,0.7,0.0419546741049198,0.0757880664610755
0.675,0.725,0.0422207532427818,0.0716052050516972
0.675,0.75,0.0426194602275148,0.0665677847112803
0.675,0.775,0.0430306557858737,0.0607487705776773
0.675,0.8,0.0432431112078826,0.0540888780552942
0.675,0.825,0.0430785432025739,0.0467230157461167
0.675,0.85,0.0421651341744066,0.0387110754607868
0.675,0.875,0.0402277537232825,0.0303239982169799
0.675,0.9,0.0367119566136694,0.0218344669919857
0.675,0.925,0.0312584228743227,0.0138031573535371
0.675,0.95,0.0233408041266233,0.00676861905386028
0.675,0.975,0.0128403524861431,0.00188622032112167
0.675,1,0,0
0.7,0,0,0
0.7,0.025,0.00300783821884346,0.000344351684112958
0.7,0.05,0.00690846016934317,0.00141623207327605
0.7,0.075,0.0115038786280035,0.00324792859230019
0.7,0.1,0.0165911531035044,0.00586892780654861
0.7,0.125,0.0219513890317741,0.00925554451345435
0.7,0.15,0.0273674043044997,0.0133731345301613
0.7,0.175,0.0326320081946441,0.0181405628263862
0.7,0.2,0.0375522173903072,0.0234600000704601
0.7,0.225,0.0419675090335675,0.0292040145967726
0.7,0.25,0.0457492678472974,0.0352313488388305
0.7,0.275,0.0488097871485288,0.0413939410387621
0.7,0.3,0.0511103393825515,0.0475448077970254
0.7,0.325,0.0526429128884729,0.0535432239135833
0.7,0.35,0.0534573898004716,0.0592731010379462
0.7,0.375,0.0536121620078954,0.0646208933507139
0.7,0.4,0.0532201642887209,0.0695215898128557
0.7,0.425,0.0523806551041357,0.0738947319142841
0.7,0.45,0.0512338615539591,0.0777247172326743
0.7,0.475,0.0498928837106666,0.0809574576071281
0.7,0.5,0.048493792744635,0.0836091526594829
0.7,0.525,0.0471426970787778,0.0856375888912471
0.7,0.55,0.0459491132372545,0.0870672148266588
0.7,0.575,0.0449987958814543,0.0878517145856125
0.7,0.6,0.0443602650152339,0.0879994245703444
0.7,0.625,0.044090146151683,0.0874530129111698
0.7,0.65,0.0442012150491672,0.0861870569098704
0.7,0.675,0.0447149296785747,0.0841353470499201
0.7,0.7,0.0455624787738623,0.0812315835644262
0.7,0.725,0.0467225484972279,0.0774263735360561
0.7,0.75,0.0480139134399711,0.0726320804355233
0.7,0.775,0.0493631745632106,0.0668545750279977
0.7,0.8,0.0504419125872329,0.0600463996991302
0.7,0.825,0.0510924262330341,0.0523057743555167
0.7,0.85,0.050791474206658,0.0437065326894477
0.7,0.875,0.0492180392899895,0.0345281150677599
0.7,0.9,0.0456030162645007,0.0250825474432024
0.7,0.925,0.0394462493524004,0.0159997073798266
0.7,0.95,0.0298954337880734,0.00793542849265099
0.7,0.975,0.0167515161050393,0.00223235636158207
0.7,1,0,0
0.725,0,0,0
0.725,0.025,0.00235096611667616,0.00030512509114465
0.725,0.05,0.00554071537984587,0.00125881557065678
0.725,0.075,0.00939645598488536,0.00289402675300837
0.725,0.1,0.0137367000434345,0.00524467985494415
0.725,0.125,0.0183688037060716,0.00830172271225936
0.725,0.15,0.02310939950338,0.0120429950540881
0.725,0.175,0.0277712805480213,0.016413104675306
0.725,0.2,0.0321974581127997,0.0213321641236727
0.725,0.225,0.0362334374387255,0.0267041139913409
0.725,0.25,0.0397777618805862,0.0324061753069254
0.725,0.275,0.04273213354067,0.038318812055515
0.725,0.3,0.0450690437135432,0.0443090409429788
0.725,0.325,0.0467578089537009,0.0502528934262585
0.725,0.35,0.0478432294929336,0.0560426317727177
0.725,0.375,0.0483584219497565,0.0615635641250976
0.725,0.4,0.0484002355890541,0.0667568441588693
0.725,0.425,0.0480493739590256,0.071521969200905
0.725,0.45,0.0474270185400556,0.0758524629377118
0.725,0.475,0.0466389905815133,0.0796591669005231
0.725,0.5,0.0458077115965213,0.082973920040822
0.725,0.525,0.0450416963563589,0.0857097431964025
0.725,0.55,0.0444501404641387,0.0879103476470667
0.725,0.575,0.0441218409703427,0.0894832004055687
0.725,0.6,0.0441474082612744,0.0904504443793219
0.725,0.625,0.0445751218736367,0.0907135402172178
0.725,0.65,0.0454645745548118,0.0902406967968619
0.725,0.675,0.0468037874678331,0.0889365805412804
0.725,0.7,0.0485930405451546,0.0866839761923871
0.725,0.725,0.0507394854725276,0.0834359930363694
0.725,0.75,0.0531246267734938,0.0790008313860094
0.725,0.775,0.0555714106131072,0.0734242293277064
0.725,0.8,0.0577693572936175,0.0665359250907583
0.725,0.825,0.059443844088639,0.0585014670834218
0.725,0.85,0.0600076335900685,0.0493097009991895
0.725,0.875,0.0590140918064064,0.0393129109346959
0.725,0.9,0.05548997390628,0.0288127958801266
0.725,0.925,0.0487272131393342,0.0185504986218994
0.725,0.95,0.0375404741916975,0.00923960505295245
0.725,0.975,0.0213431558456273,0.00262237197870779
0.725,1,0,0
0.75,0,0,0
0.75,0.025,0.00176705170508508,0.000269141896940743
0.75,0.05,0.00432526453596662,0.00111149351631018
0.75,0.075,0.00751450765123808,0.00256399716009567
0.75,0.1,0.0111721007540769,0.00466311667493617
0.75,0.125,0.0151306644936068,0.00741055502558802
0.75,0.15,0.0192267974350789,0.0108001927778211
0.75,0.175,0.0233052611146763,0.014789615718487
0.75,0.2,0.027221945754444,0.0193261564779996
0.75,0.225,0.0308533975825234,0.0243258846122294
0.75,0.25,0.0340967688770854,0.029698859998311
0.75,0.275,0.0368771805972112,0.0353344949097122
0.75,0.3,0.0391504542512758,0.0411288191349233
0.75,0.325,0.0408976652548394,0.0469633818187866
0.75,0.35,0.0421378664378287,0.0527467433830143
0.75,0.375,0.0429037697099887,0.0583679488745228
0.75,0.4,0.0432674961323644,0.0637679963970951
0.75,0.425,0.0433002611813187,0.0688502674946753
0.75,0.45,0.0431082775462419,0.0735949407907122
0.75,0.475,0.0427850607134913,0.077916707551847
0.75,0.5,0.0424504141916608,0.0818296155041782
0.75,0.525,0.0422052349629296,0.0852460314799763
0.75,0.55,0.042165767915478,0.0881964980505722
0.75,0.575,0.0424269789983447,0.090576539031015
0.75,0.6,0.0430911036480849,0.0924094650473026
0.75,0.625,0.0442362490442942,0.093554768847644
0.75,0.65,0.0459167372977295,0.0940010957265669
0.75,0.675,0.0481756408843496,0.0935662034046373
0.75,0.7,0.050981795799783,0.09216561025012
0.75,0.725,0.0543180207256916,0.0896197394425205
0.75,0.75,0.0579579440262185,0.0857602309131618
0.75,0.775,0.0618100374314184,0.0804973315819561
0.75,0.8,0.0653600153286277,0.0736757027274506
0.75,0.825,0.0684034233640626,0.0653768911121179
0.75,0.85,0.070089344778409,0.0556200164045509
0.75,0.875,0.069955381933368,0.0447380691248253
0.75,0.9,0.0666921857340387,0.0331015913370217
0.75,0.925,0.0593801577650865,0.0215143556455322
0.75,0.95,0.0463288353679987,0.0108465847814911
0.75,0.975,0.0267408603974496,0.00310879996207576
0.75,1,0,0
0.775,0,0,0
0.775,0.025,0.00125628647507773,0.000233646296018106
0.775,0.05,0.0032550420636165,0.000968528065806908
0.775,0.075,0.00584761161081036,0.00224520451317769
0.775,0.1,0.00888540597403206,0.00410324902652741
0.775,0.125,0.0122185088230022,0.00655720290265428
0.775,0.15,0.0157085925081121,0.00960973666605901
0.775,0.175,0.0192172181257925,0.0132372500846934
0.775,0.2,0.0226282719350194,0.0173998692835508
0.775,0.225,0.0258271287460027,0.022036537241494
0.775,0.25,0.0287349803265836,0.0270712117628174
0.775,0.275,0.031273936573597,0.0324166963637184
0.775,0.3,0.0334148552292569,0.0379804294519765
0.775,0.325,0.0351252447924443,0.0436629870100787
0.775,0.35,0.0364282665786281,0.0493804467356396
0.775,0.375,0.037338301392947,0.0550315012829202
0.775,0.4,0.0379219874757988,0.0605630785761814
0.775,0.425,0.0382349391736632,0.065875471481183
0.775,0.45,0.0383721256127531,0.070959009377082
0.775,0.475,0.0384206220855345,0.0757102137767503
0.775,0.5,0.0384885599620209,0.0801634820222781
0.775,0.525,0.0386812702568344,0.0841980366071672
0.775,0.55,0.0391129563339961,0.0878770358384851
0.775,0.575,0.0398886526756213,0.0910491850784154
0.775,0.6,0.0411298078078174,0.0937888900141831
0.775,0.625,0.0429245581512536,0.0958809682833288
0.775,0.65,0.0453836123790054,0.0973524269815454
0.775,0.675,0.0485191836581664,0.0979478994933476
0.775,0.7,0.0524200117382778,0.0975811586830391
0.775,0.725,0.0569845047197033,0.096001315530234
0.775,0.75,0.0621140731453939,0.0929018716972408
0.775,0.775,0.067541327519518,0.0882261201551299
0.775,0.8,0.0728128459863252,0.0815712757589996
0.775,0.825,0.0775049867650875,0.073161355587525
0.775,0.85,0.0807001310737857,0.062818355633534
0.775,0.875,0.0817409715287576,0.0510322829445977
0.775,0.9,0.0790419554217593,0.038101074932318
0.775,0.925,0.071411989487108,0.025011698883251
0.775,0.95,0.0565731250797981,0.0126702256747002
0.775,0.975,0.0331017307533178,0.00366834224428885
0.775,1,0,0
0.8,0,0,0
0.8,0.025,0.000816148099833027,0.0001975464056608
0.8,0.05,0.00232553184412391,0.00082465983006541
0.8,0.075,0.00438645787641923,0.00192851922613498
0.8,0.1,0.00686068852577242,0.00355191006870569
0.8,0.125,0.00961660086278805,0.00572009295659418
0.8,0.15,0.0125326504451325,0.00844688883993767
0.8,0.175,0.0154939586011582,0.0117201326963591
0.8,0.2,0.0183984222242749,0.0155172043691719
0.8,0.225,0.0211555423238323,0.0197879104017435
0.8,0.25,0.0236903871695748,0.0244784219352519
0.8,0.275,0.0259460541622806,0.0295099701008645
0.8,0.3,0.0278845534666306,0.0348131476963866
0.8,0.325,0.0294883811480908,0.0402937992426558
0.8,0.35,0.0307619867074982,0.0458867996405305
0.8,0.375,0.0317270861368656,0.0514942178456572
0.8,0.4,0.0324287539634772,0.0570733256652712
0.8,0.425,0.032922549346481,0.0625286830010879
0.8,0.45,0.0332867617575866,0.0678521708227727
0.8,0.475,0.0336031322386871,0.0729475479095955
0.8,0.5,0.0339734604335711,0.0778445868287894
0.8,0.525,0.0344980979227364,0.0824340411490972
0.8,0.55,0.0353013969749039,0.0867755440011688
0.8,0.575,0.0364985212042888,0.0907249281887977
0.8,0.6,0.0382257624414614,0.0943719701735401
0.8,0.625,0.0406048025019842,0.0974694907794956
0.8,0.65,0.043765345380054,0.100081103196658
0.8,0.675,0.0477948051082992,0.101867269114154
0.8,0.7,0.0528081458786906,0.102824077684742
0.8,0.725,0.0588190586786921,0.102446239736935
0.8,0.75,0.0656159794209895,0.100482932059872
0.8,0.775,0.0730662518550833,0.0965947384754522
0.8,0.8,0.0803732709663053,0.0903906144290774
0.8,0.825,0.0872847576998628,0.0819103004885289
0.8,0.85,0.0923504672349017,0.0710480438701372
0.8,0.875,0.0950101449951288,0.0582262312432005
0.8,0.9,0.0931424508865991,0.0438969376577075
0.8,0.925,0.0852853737300344,0.029084725176838
0.8,0.95,0.0684048257980316,0.0149359081334767
0.8,0.975,0.040624310104039,0.00436930153776327
0.8,1,0,0
0.825,0,0,0
0.825,0.025,0.000448846067185657,0.000159599519213017
0.825,0.05,0.0015408391125025,0.000674209404197357
0.825,0.075,0.00313317781400351,0.00160251979700366
0.825,0.1,0.00510048253539113,0.00299061309952051
0.825,0.125,0.00732332797677694,0.00487623959784631
0.825,0.15,0.00970099670637689,0.00728077403500944
0.825,0.175,0.0121341682366576,0.0102043409414423
0.825,0.2,0.0145428328453779,0.0136349298361232
0.825,0.225,0.0168472945673831,0.0175365674232883
0.825,0.25,0.0189925337174351,0.0218667069998884
0.825,0.275,0.0209231045352116,0.0265633989120059
0.825,0.3,0.0226160651616469,0.0315657305369284
0.825,0.325,0.0240455346663705,0.0367979060031397
0.825,0.35,0.0252243658830459,0.0421986297967478
0.825,0.375,0.0261594977425609,0.0476873705111225
0.825,0.4,0.0268970919081375,0.0532222201723726
0.825,0.425,0.027477692480672,0.0587207455501411
0.825,0.45,0.0279735895146435,0.0641786066647883
0.825,0.475,0.028458581560768,0.0695038056443525
0.825,0.5,0.0290236595856162,0.0747402815445322
0.825,0.525,0.0297727977229377,0.0797732654234112
0.825,0.55,0.0308209207467534,0.0847072737848194
0.825,0.575,0.0323100337296346,0.0893590565661046
0.825,0.6,0.0343734204319721,0.0939012768663314
0.825,0.625,0.0371695459215291,0.0980138384243011
0.825,0.65,0.0408956129054614,0.101861110314782
0.825,0.675,0.0456509453546931,0.104983067064541
0.825,0.7,0.0516940016031897,0.107565464167665
0.825,0.725,0.0590039879779501,0.108792829508545
0.825,0.75,0.0676936012124701,0.108300855474697
0.825,0.775,0.0773499689830376,0.105733113767729
0.825,0.8,0.0872684813502614,0.100198367950691
0.825,0.825,0.0968126050222535,0.0919791662626746
0.825,0.85,0.104427773394578,0.080509515260182
0.825,0.875,0.109152534325933,0.0666456691447923
0.825,0.9,0.108571669163824,0.0506770225946853
0.825,0.925,0.100920776550098,0.0339154033357275
0.825,0.95,0.08218575124983,0.0175221979700393
0.825,0.975,0.0495020908440899,0.00520663880284678
0.825,1,0,0
0.85,0,0,0
0.85,0.025,0.000161040476974705,0.000118238612381975
0.85,0.05,0.000901613418261445,0.000515890861399675
0.85,0.075,0.0020862856915702,0.00126317118215848
0.85,0.1,0.00359724364192081,0.00241231106569993
0.85,0.125,0.00533036461047821,0.00401257418315384
0.85,0.15,0.00720288118702445,0.00609097212113626
0.85,0.175,0.0091325731249967,0.00865978327301144
0.85,0.2,0.0110563727610999,0.0117134491878546
0.85,0.225,0.0129116282537152,0.0152286510330077
0.85,0.25,0.0146520515176384,0.0191729217743635
0.85,0.275,0.0162379928307831,0.0234951157617361
0.85,0.3,0.0176439530771878,0.0281479042623555
0.85,0.325,0.0188570569126451,0.0330628748100751
0.85,0.35,0.0198773846286021,0.0381935620517639
0.85,0.375,0.020720261765123,0.043464274999546
0.85,0.4,0.0214135673099579,0.0488459235375438
0.85,0.425,0.0219997805172038,0.0542621658353275
0.85,0.45,0.0225339538159263,0.0597164846521694
0.85,0.475,0.0230840656000634,0.0651306096770599
0.85,0.5,0.0237337007092402,0.0705490382284223
0.85,0.525,0.0245786062350508,0.0758880162819389
0.85,0.55,0.0257402303417441,0.0812535327778715
0.85,0.575,0.027350550307789,0.0865040889742776
0.85,0.6,0.0295592124836708,0.091808589067623
0.85,0.625,0.0325322883547874,0.0969214667839006
0.85,0.65,0.0365805414004734,0.102030806815163
0.85,0.675,0.0419258937910735,0.106680619516434
0.85,0.7,0.0488506373687277,0.111221949083621
0.85,0.725,0.0575154270351675,0.114440925584099
0.85,0.75,0.0682408256434714,0.116204713791853
0.85,0.775,0.0808977211948537,0.115413971076423
0.85,0.8,0.0939236339859521,0.111204678888302
0.85,0.825,0.107208049502895,0.103276335951131
0.85,0.85,0.117880555203282,0.0913735155688023
0.85,0.875,0.125370466005833,0.0761943806670053
0.85,0.9,0.126479683836828,0.0585074205550426
0.85,0.925,0.119156800652977,0.0394434397050785
0.85,0.95,0.0983450448238345,0.0206113813964436
0.85,0.975,0.0600207103229147,0.00618232034618427
0.85,1,0,0
0.875,0,0,0
0.875,0.025,-4.46724990542346E-05,7.30722813391687E-05
0.875,0.05,0.00042128929686946,0.000345192475822908
0.875,0.075,0.00125764602439745,0.000906029811167899
0.875,0.1,0.00236559398885371,0.00181176530733456
0.875,0.125,0.00365328833285089,0.00312094200759162
0.875,0.15,0.00505721448522944,0.00486806753527138
0.875,0.175,0.00651186339933067,0.00706873583573801
0.875,0.2,0.00797110285181586,0.00972873443802199
0.875,0.225,0.00938539158115895,0.0128284358053424
0.875,0.25,0.0107232114178617,0.01634780885906
0.875,0.275,0.0119499314920633,0.0202433935208818
0.875,0.3,0.0130520931136652,0.0244769511870062
0.875,0.325,0.0140123460264719,0.028993464547751
0.875,0.35,0.0148389222822828,0.0337492000029482
0.875,0.375,0.0155348984475404,0.0386874490120213
0.875,0.4,0.0161307848125765,0.0437757750940483
0.875,0.425,0.0166535332434138,0.0489605394304004
0.875,0.45,0.017153349131163,0.0542396709299449
0.875,0.475,0.0176854648343388,0.0595604041831355
0.875,0.5,0.0183195143276874,0.064970135319695
0.875,0.525,0.0191508107800704,0.0704075083717991
0.875,0.55,0.0202721342903594,0.0760141002244534
0.875,0.575,0.0218463495090821,0.0816482219060049
0.875,0.6,0.0239949230626802,0.087528327923099
0.875,0.625,0.0269167088444237,0.0934472293217384
0.875,0.65,0.030934630954313,0.0998871231942295
0.875,0.675,0.0365100108695966,0.106093661623447
0.875,0.7,0.0439277079492145,0.112791757976958
0.875,0.725,0.0532708283954127,0.118331831763696
0.875,0.75,0.0658587391056639,0.123400085963542
0.875,0.775,0.0814815134003631,0.125698203444248
0.875,0.8,0.0988696189226316,0.123087971528858
0.875,0.825,0.116542590633483,0.116286075716929
0.875,0.85,0.131605826644173,0.103709651883817
0.875,0.875,0.142492131894276,0.0872506001748859
0.875,0.9,0.145913918726502,0.0674947617149208
0.875,0.925,0.139629276741992,0.0459534378390446
0.875,0.95,0.11680764319194,0.0240025939559241
0.875,0.975,0.0723827456707304,0.00718357758026308
0.875,1,0,0
0.9,0,0,0
0.9,0.025,-0.000159782457924282,2.77331381800727E-05
0.9,0.05,9.56818064889994E-05,0.000175585465681309
0.9,0.075,0.000643018118660023,0.000547215159772411
0.9,0.1,0.00139880047106423,0.00120598924902915
0.9,0.125,0.00228574139941722,0.00222035341850019
0.9,0.15,0.00326375461587743,0.00362048155865715
0.9,0.175,0.00427757711115717,0.00543615845869025
0.9,0.2,0.00530272024148554,0.00766590580173004
0.9,0.225,0.00629778934695609,0.0103081076395087
0.9,0.25,0.00724613365965788,0.013338293936945
0.9,0.275,0.00811998937599404,0.0167310371006723
0.9,0.3,0.00891140553583993,0.0204482065122026
0.9,0.325,0.00960805545548936,0.024450003329358
0.9,0.35,0.0102143047345151,0.028696546375671
0.9,0.375,0.0107345374348989,0.0331436511899759
0.9,0.4,0.0111887758846651,0.0377632895854469
0.9,0.425,0.0115982442718641,0.0425160426424562
0.9,0.45,0.012001663484391,0.0473992640137109
0.9,0.475,0.0124379277474121,0.0523861642965437
0.9,0.5,0.0129713298915502,0.057513108293006
0.9,0.525,0.0136640500968457,0.0627738923080908
0.9,0.55,0.0146117720510668,0.068278352430285
0.9,0.575,0.0159134160711731,0.073995385210326
0.9,0.6,0.0177476446411836,0.0800612636123827
0.9,0.625,0.0203124320417095,0.0865361396374101
0.9,0.65,0.0240120119844074,0.0939199561075249
0.9,0.675,0.0293157087645757,0.101580165151575
0.9,0.7,0.0364149601672155,0.110192081685412
0.9,0.725,0.0459097931689268,0.118703287073524
0.9,0.75,0.0605817956952991,0.128857226861007
0.9,0.775,0.0807966684204699,0.134966655601288
0.9,0.8,0.103397224238084,0.135481595579058
0.9,0.825,0.127234927641834,0.129902037115626
0.9,0.85,0.147128014692843,0.117517204909428
0.9,0.875,0.162458110611619,0.0991660510443336
0.9,0.9,0.168927161240898,0.077267537443296
0.9,0.925,0.162917853249933,0.0530506791895503
0.9,0.95,0.137658574149771,0.0278223024630657
0.9,0.975,0.0864746265872399,0.00832276939669169
0.9,1,0,0
0.925,0,0,0
0.925,0.025,-0.00018854044730948,-1.54965198943701E-05
0.925,0.05,-6.71036786625218E-05,1.11883036834346E-05
0.925,0.075,0.000248606823886651,0.000204676681719045
0.925,0.1,0.000707314251029444,0.000627302213167954
0.925,0.125,0.00124961910611116,0.00134551145304627
0.925,0.15,0.00185182364170117,0.00239483938968212
0.925,0.175,0.00247745589927835,0.00379545077024652
0.925,0.2,0.00311183579363886,0.00556008880207727
0.925,0.225,0.00372955703958764,0.00767769631878489
0.925,0.25,0.00432057248129082,0.0101424778420814
0.925,0.275,0.00486716861322659,0.0129240242436148
0.925,0.3,0.00536563932362495,0.0160014654544391
0.925,0.325,0.00580616896948032,0.0193367907859893
0.925,0.35,0.0061943091390254,0.022901416740962
0.925,0.375,0.00652959804167428,0.0266603489652938
0.925,0.4,0.00682851573229579,0.0305886506645142
0.925,0.425,0.00710191535280104,0.0346633077899446
0.925,0.45,0.00737785673849603,0.038877145082775
0.925,0.475,0.00768243931360768,0.0432274907050378
0.925,0.5,0.0080572603414621,0.0477454866652622
0.925,0.525,0.00855614702686576,0.0524494891089543
0.925,0.55,0.00923224034203572,0.0574411081792033
0.925,0.575,0.0101787520916112,0.0627550954418976
0.925,0.6,0.0115138315800962,0.0685664824644339
0.925,0.625,0.0134730271959758,0.0750033382212631
0.925,0.65,0.0162590960875912,0.0828787083019605
0.925,0.675,0.0206708299171956,0.0914630054195636
0.925,0.7,0.0268579615791779,0.101098203088621
0.925,0.725,0.0350741483067685,0.111882923762088
0.925,0.75,0.0489603917587595,0.129161995394875
0.925,0.775,0.071827570233325,0.141963630430091
0.925,0.8,0.102788221585423,0.145922107424773
0.925,0.825,0.134958607082068,0.144255842530897
0.925,0.85,0.163137306824794,0.131148649428272
0.925,0.875,0.183804697749107,0.111514644792769
0.925,0.9,0.193326191792541,0.0871416149165808
0.925,0.925,0.18853403445881,0.0595828446965472
0.925,0.95,0.16137814203302,0.0320315596643562
0.925,0.975,0.103562759332487,0.00980221959651064
0.925,1,0,0
0.95,0,0,0
0.95,0.025,-0.000140144851157542,-4.07327724946771E-05
0.95,0.05,-9.89104514200949E-05,-0.000103589388769357
0.95,0.075,4.01329934580554E-05,-6.02874700814543E-05
0.95,0.1,0.000264385314782381,0.000146295316713347
0.95,0.125,0.000522143381994802,0.00058577689259497
0.95,0.15,0.000819969259917093,0.00126902933279485
0.95,0.175,0.00112016387000799,0.00223413347503852
0.95,0.2,0.0014343164798103,0.00346926304897561
0.95,0.225,0.00173266169623882,0.00499028752376227
0.95,0.25,0.00202646927755349,0.00677116443365331
0.95,0.275,0.00229249698021043,0.00881183222840603
0.95,0.3,0.00254185117365801,0.0110766055644999
0.95,0.325,0.00275804278510295,0.0135569827112695
0.95,0.35,0.00295407438349355,0.016213470395511
0.95,0.375,0.00311992153712201,0.0190384909051233
0.95,0.4,0.00327348286169685,0.0219952694116896
0.95,0.425,0.00340952340177684,0.0250891511814562
0.95,0.45,0.00355549015090475,0.0282920411117259
0.95,0.475,0.00370856379504244,0.031638929474786
0.95,0.5,0.00391191511033244,0.0351187601698762
0.95,0.525,0.00416174067651748,0.0388130811298291
0.95,0.55,0.00452689371437497,0.0427298098416138
0.95,0.575,0.00501137641509204,0.0470413171314873
0.95,0.6,0.00578367880928449,0.0517632799870494
0.95,0.625,0.00686781572397263,0.0573349018357127
0.95,0.65,0.00840018137099549,0.0642049197374453
0.95,0.675,0.0103970568258164,0.0722609033040816
0.95,0.7,0.0136207187925625,0.0803895408856167
0.95,0.725,0.0188225725608874,0.0934246326881965
0.95,0.75,0.0310678114229224,0.116762982744509
0.95,0.775,0.0567073648156365,0.13635747415334
0.95,0.8,0.0963576110503273,0.152156829074749
0.95,0.825,0.143071426838111,0.154573999384148
0.95,0.85,0.182003569893298,0.141376450383906
0.95,0.875,0.206273689387511,0.122025244044707
0.95,0.9,0.220072089952165,0.0963550502144544
0.95,0.925,0.217572990503171,0.066290218487364
0.95,0.95,0.191137964386548,0.0378838604295627
0.95,0.975,0.127017837297437,0.0122887189894355
0.95,1,0,0
0.975,0,0,0
0.975,0.025,-4.56286008828865E-05,-4.56286008828034E-05
0.975,0.05,-3.95990375805119E-05,-0.00014046603181721
0.975,0.075,-7.99158864554458E-06,-0.000178125684913145
0.975,0.1,5.35301377554915E-05,-0.000121048387278303
0.975,0.125,0.000123778100502487,6.54364513735652E-05
0.975,0.15,0.000206390988664812,0.00040134822215507
0.975,0.175,0.000289485786728482,0.00089122908849591
0.975,0.2,0.000375577774284348,0.00154980423809285
0.975,0.225,0.000458916887132047,0.00236249516499533
0.975,0.25,0.000539252003202047,0.00333993634431506
0.975,0.275,0.000614253602350943,0.00445669925089891
0.975,0.3,0.000682361731256366,0.00571774663472651
0.975,0.325,0.000743787969220631,0.00709415097478232
0.975,0.35,0.000797359381698889,0.00858562616714306
0.975,0.375,0.000844763667626354,0.0101675846277135
0.975,0.4,0.000887073018661391,0.0118367157571457
0.975,0.425,0.000926007131450583,0.0135813334112326
0.975,0.45,0.000967291881504807,0.0153992209949789
0.975,0.475,0.00101180843964718,0.0173007509092838
0.975,0.5,0.00107160895718207,0.0192925230513372
0.975,0.525,0.00114437786465079,0.0214154168666301
0.975,0.55,0.00125216520215053,0.0236840212311241
0.975,0.575,0.00138779557844166,0.0262221632107544
0.975,0.6,0.00162669264033215,0.0290961368273744
0.975,0.625,0.0020222928147394,0.0324848977034416
0.975,0.65,0.00253067787217031,0.0366584400156283
0.975,0.675,0.00294528860164958,0.04181934739989
0.975,0.7,0.00375530365208849,0.0471748796177925
0.975,0.725,0.00546098968229022,0.0576168502116591
0.975,0.75,0.0113531365180305,0.081695745202459
0.975,0.775,0.033822127463714,0.103907947369945
0.975,0.8,0.0656229713003875,0.118022163438852
0.975,0.825,0.140658640185644,0.153924454159108
0.975,0.85,0.198932978964999,0.145844989627159
0.975,0.875,0.232097670777684,0.125557918826017
0.975,0.9,0.247127295897782,0.103718502113029
0.975,0.925,0.246954392363181,0.0739469379487499
0.975,0.95,0.219194457143068,0.0469715883959456
0.975,0.975,0.149827064506247,0.0203962986442189
0.975,1,0,0
1,0,0,0
1,0.025,0,0
1,0.05,0,0
1,0.075,0,0
1,0.1,0,0
1,0.125,0,0
1,0.15,0,0
1,0.175,0,0
1,0.2,0,0
1,0.225,0,0
1,0.25,0,0
1,0.275,0,0
1,0.3,0,0
1,0.325,0,0
1,0.35,0,0
1,0.375,0,0
1,0.4,0,0
1,0.425,0,0
1,0.45,0,0
1,0.475,0,0
1,0.5,0,0
1,0.525,0,0
1,0.55,0,0
1,0.575,0,0
1,0.6,0,0
1,0.625,0,0
1,0.65,0,0
1,0.675,0,0
1,0.7,0,0
1,0.725,0,0
1,0.75,0,0
1,0.775,0,0
1,0.8,0,0
1,0.825,0.140471933109261,0.135619216930953
1,0.85,0.198061053646752,0.151825041131645
1,0.875,0.247958029039403,0.124832619255744
1,0.9,0.274266895377294,0.103913867416506
1,0.925,0.275208652900798,0.0784919302368879
1,0.95,0.249267471166269,0.0515446643161357
1,0.975,0.165461313794567,0.027119282988536
1,1,0,0
